时间（ms）,X坐标（mm）,Y坐标（mm）,压力（0-1）,速度（mm/s）,角度（度）,落笔情况（1落笔/0抬笔）
0,54.158172,111.044985,0.741211,0.000000,0.000000,1
10,54.158172,111.044985,0.741211,0.000000,0.000000,1
20,53.820739,111.635426,0.843750,68.006002,119.747652,1
30,53.736382,111.719775,0.853516,11.929353,135.002701,1
40,53.736382,111.719775,0.853516,0.000000,0.000000,1
50,53.989458,110.285847,0.845703,145.608972,-79.990880,1
60,54.579966,105.899719,0.848633,442.569988,-82.332322,1
70,54.748684,103.031864,0.854492,287.281307,-86.633121,1
80,54.748684,103.031864,0.854492,0.000000,0.000000,1
90,54.579966,95.609183,0.864258,742.459830,-91.302115,1
100,54.411248,93.584816,0.866211,203.138603,-94.764233,1
110,54.326891,91.897842,0.869141,168.908194,-92.862694,1
120,54.158172,89.620429,0.866211,228.365436,-94.236922,1
130,54.158172,89.029989,0.859375,59.043920,-90.000000,1
140,54.158172,88.776943,0.841797,25.304592,-90.000000,1
150,54.158172,88.776943,0.841797,0.000000,0.000000,1
160,54.158172,89.451734,0.693359,67.479042,90.000000,1
170,54.326891,91.138704,0.416992,169.538624,84.288690,1
180,54.326891,91.138704,0.000000,0.000000,0.000000,0
190,54.326891,96.958760,0.000000,582.005623,90.000000,0
200,54.326891,99.826617,0.000000,286.785637,90.000000,0
210,54.158172,102.525771,0.000000,270.442191,93.576783,0
220,53.820739,107.839737,0.000000,532.466890,93.633360,0
230,53.652021,110.032801,0.000000,219.954443,94.399253,0
240,53.483307,111.719775,0.000000,169.538969,95.711167,0
250,53.145870,113.322398,0.000000,163.776178,101.890109,0
260,52.808437,113.828490,0.671875,60.826792,123.693065,1
270,52.808437,113.828490,0.671875,0.000000,0.000000,1
280,52.808437,113.828490,0.671875,0.000000,0.000000,1
290,52.808437,113.828490,0.671875,0.000000,0.000000,1
300,53.652021,114.418931,0.807617,102.968666,34.988937,1
310,57.195079,115.009372,0.811523,359.191880,9.461244,1
320,59.388402,115.262418,0.815430,220.787174,6.581177,1
330,59.388402,115.262418,0.815430,0.000000,0.000000,1
340,64.787346,115.346765,0.861328,539.960307,0.895055,1
350,66.052724,115.093719,0.875977,129.043146,-11.308642,1
360,66.980673,114.756326,0.897461,98.738210,-19.980778,1
370,67.992975,113.828490,0.922852,137.318469,-42.507143,1
380,68.246051,113.153701,0.926758,72.068491,-69.441730,1
390,68.246051,112.310214,0.926758,84.348705,-90.000000,1
400,67.655539,109.779755,0.923828,259.844735,-103.135563,1
410,66.980673,108.261480,0.921875,166.150661,-113.964899,1
420,66.052724,106.743204,0.917969,177.939591,-121.432694,1
430,63.521968,103.875351,0.867188,382.482712,-131.427009,1
440,62.087876,102.525771,0.834961,196.926109,-136.738949,1
450,60.569423,101.260541,0.798828,197.648850,-140.197730,1
460,59.050969,100.164010,0.760742,187.298723,-144.165565,1
470,56.267138,98.645734,0.659180,317.094264,-151.392362,1
480,55.170475,98.139643,0.619141,120.780774,-155.227465,1
490,53.989458,97.717898,0.621094,125.406100,-160.348207,1
500,53.905097,97.717898,0.676758,8.436110,180.000000,1
510,53.905097,97.717898,0.676758,0.000000,0.000000,1
520,53.989458,97.717898,0.812500,8.436110,0.000000,1
530,55.170475,97.802249,0.837891,118.402521,4.085273,1
540,58.376100,98.477036,0.874023,327.587694,11.887256,1
550,60.485062,98.983128,0.890625,216.883583,13.494218,1
560,62.509666,99.489220,0.898438,208.690024,14.034664,1
570,64.281195,99.910964,0.904297,182.103910,13.391025,1
580,67.318102,100.417056,0.905273,307.878746,9.461234,1
590,68.246051,100.501403,0.893555,93.177447,5.193716,1
600,68.752202,100.501403,0.851563,50.615114,0.000000,1
610,68.414765,99.573571,0.000000,98.728750,-109.985454,0
620,68.414765,99.573571,0.000000,0.000000,0.000000,0
630,66.390161,98.392688,0.000000,234.382307,-149.746457,0
640,63.015817,96.368321,0.000000,393.500413,-149.039224,0
650,61.497364,95.271790,0.000000,187.298723,-144.165565,0
660,60.063271,94.175255,0.000000,180.527273,-142.597768,0
670,57.363797,90.885658,0.000000,425.542108,-129.372622,0
680,57.363797,90.885658,0.000000,0.000000,0.000000,0
690,57.026365,90.295219,0.000000,68.005834,-119.747733,0
700,56.857646,90.042173,0.670898,30.413503,-123.693368,1
710,56.857646,90.042173,0.670898,0.000000,0.000000,1
720,57.954306,90.210872,0.852539,110.955906,8.745229,1
730,59.472759,90.548265,0.856445,155.548547,12.527340,1
740,61.413007,91.138704,0.859375,202.809718,16.925598,1
750,65.462220,92.403934,0.864258,424.227909,17.352098,1
760,66.980673,92.825678,0.862305,157.593440,15.522425,1
770,67.992975,93.078724,0.831055,104.345012,14.034664,1
780,68.499126,93.078724,0.741211,50.615114,0.000000,1
790,68.583480,92.741331,0.000000,34.777826,-75.962948,0
800,66.390161,91.391750,0.000000,257.527025,-148.395415,0
810,64.449913,90.210872,0.000000,227.135059,-148.674361,0
820,62.003515,88.776943,0.000000,283.566845,-149.623793,0
830,57.110722,85.487346,0.000000,589.583519,-146.085671,0
840,54.495609,83.800372,0.000000,311.202464,-147.174483,0
850,51.627417,81.944703,0.000000,341.614319,-147.097860,0
860,46.228472,78.064667,0.000000,664.855471,-144.296492,0
870,43.866435,76.124647,0.000000,305.661550,-140.602598,0
880,40.407734,73.172444,0.000000,454.731985,-139.517301,0
890,39.142356,72.244611,0.321289,156.909344,-143.749439,1
900,38.383130,71.822867,0.706055,86.850079,-150.948171,1
910,37.876978,71.401122,0.748047,65.883032,-140.197644,1
920,37.961336,71.401122,0.789063,8.435724,0.000000,1
930,42.854133,72.750703,0.809570,507.551282,15.420461,1
940,45.975397,74.015933,0.814453,336.795123,22.065571,1
950,49.434097,75.618555,0.822266,381.195633,24.861110,1
960,56.098420,78.570759,0.861328,728.894339,23.892689,1
970,59.304045,79.920336,0.872070,347.813037,22.831226,1
980,62.256591,81.016867,0.876953,314.958835,20.374239,1
990,64.787346,81.944703,0.880859,269.547857,20.134160,1
1000,68.752202,83.294280,0.880859,418.825014,18.797798,1
1010,70.101933,83.716025,0.878906,141.408727,17.352226,1
1020,70.945521,83.969071,0.876953,88.072279,16.697349,1
1030,71.704748,84.306464,0.809570,83.081853,23.959917,1
1040,71.704748,84.390815,0.746094,8.435122,90.000000,1
1050,71.367311,84.728209,0.659180,47.717683,135.003684,1
1060,70.186294,85.234300,0.000000,128.488503,156.803795,0
1070,67.824253,86.077786,0.000000,250.812798,160.348349,0
1080,66.474522,86.583877,0.000000,144.149345,159.446090,0
1090,62.762742,87.764760,0.000000,389.509886,162.351820,0
1100,62.762742,87.764760,0.000000,0.000000,0.000000,0
1110,61.919158,88.017806,0.000000,88.071909,163.302579,0
1120,60.147629,88.270852,0.606445,178.951033,171.870837,1
1130,59.472759,88.270852,0.720703,67.486948,180.000000,1
1140,58.713533,88.102153,0.771484,77.774315,-167.472521,1
1150,58.207381,87.511714,0.816406,77.769366,-130.604673,1
1160,56.688928,84.981255,0.858398,295.108874,-120.966718,1
1170,54.579966,80.342081,0.870117,509.604308,-114.446476,1
1180,53.314588,77.642923,0.880859,298.104578,-115.117404,1
1190,51.880492,74.775070,0.894531,320.643258,-116.567767,1
1200,50.446400,71.991565,0.903320,313.121730,-117.258019,1
1210,47.240775,66.677601,0.913086,620.598504,-121.100292,1
1220,45.722321,64.315836,0.914063,280.778070,-122.738251,1
1230,44.288225,62.291469,0.914063,248.086582,-125.314404,1
1240,42.938490,60.688842,0.914063,209.527977,-130.104143,1
1250,40.998243,58.917521,0.885742,262.719231,-137.605924,1
1260,40.239016,58.917521,0.782227,75.922671,180.000000,1
1270,40.239016,58.917521,0.782227,0.000000,0.000000,1
1280,40.998243,62.207118,0.000000,337.607370,77.003912,0
1290,40.998243,62.207118,0.000000,0.000000,0.000000,0
1300,43.022847,65.243669,0.000000,364.961178,56.306834,0
1310,44.203868,66.677601,0.000000,185.767888,50.524316,0
1320,47.578207,69.292403,0.120117,426.888293,37.772390,1
1330,49.265379,69.882847,0.343750,178.750428,19.288018,1
1340,51.205626,70.304591,0.415039,198.555487,12.263409,1
1350,55.254836,70.220244,0.605469,405.008755,-1.193331,1
1360,59.725835,69.039358,0.720703,462.431895,-14.795175,1
1370,64.112481,67.099341,0.806641,479.649082,-23.857651,1
1380,66.052724,65.918463,0.837891,227.134729,-31.325690,1
1390,67.824253,64.737577,0.867188,212.903899,-33.687085,1
1400,69.342707,63.472347,0.898438,197.648850,-39.802270,1
1410,70.692445,62.207118,0.918945,185.002736,-43.148986,1
1420,72.632689,59.676658,0.957031,318.869388,-52.520616,1
1430,73.223201,58.580131,0.967773,124.542225,-61.696226,1
1440,73.729352,57.820993,0.973633,91.240294,-56.306834,1
1450,74.151142,57.061856,0.979492,86.844516,-60.942695,1
1460,74.235503,56.893153,0.979492,18.861947,-63.432264,1
1470,74.319865,56.808810,0.970703,11.929216,-44.994021,1
1480,74.404218,56.808810,0.947266,8.435337,0.000000,1
1490,74.826016,58.664475,0.819336,190.299915,77.194098,1
1500,75.163445,62.038423,0.000000,339.077939,84.288833,0
1510,75.163445,66.930647,0.000000,489.222375,90.000000,0
1520,75.332167,70.135892,0.000000,320.968343,86.986766,0
1530,75.585242,73.762887,0.000000,363.581266,86.008624,0
1540,76.850620,80.679474,0.000000,703.138398,79.632487,0
1550,78.369074,86.668229,0.000000,617.825905,75.772440,0
1560,78.369074,86.668229,0.000000,0.000000,0.000000,0
1570,79.212654,89.620429,0.000000,307.036014,74.052910,0
1580,82.080846,98.223990,0.000000,906.905707,71.563022,0
1590,82.080846,98.223990,0.000000,0.000000,0.000000,0
1600,84.527241,102.778818,0.000000,517.023304,61.759792,0
1610,85.792619,104.465791,0.000000,210.880446,53.126870,0
1620,87.142358,105.646673,0.000000,179.339849,41.182575,0
1630,89.504399,106.321461,0.000000,245.653787,15.943592,0
1640,90.263626,106.490158,0.000000,77.774273,12.527340,0
1650,90.685416,106.490158,0.000000,42.179004,0.000000,0
1660,90.347979,107.080599,0.860352,68.006193,119.747934,1
1670,90.347979,107.080599,0.860352,0.000000,0.000000,1
1680,89.504399,107.755388,0.978516,108.026241,141.343322,1
1690,87.985945,107.080599,0.938477,166.163784,-156.040022,1
1700,87.985945,107.080599,0.938477,0.000000,0.000000,1
1710,86.383131,105.899719,0.889648,199.085227,-143.618913,1
1720,84.527241,104.465791,0.840820,234.530981,-142.309021,1
1730,82.418283,102.947515,0.778320,259.862737,-144.249229,1
1740,78.959578,101.091846,0.701172,392.506617,-151.785493,1
1750,76.681898,100.417056,0.691406,237.553550,-163.497437,1
1760,76.681898,100.417056,0.691406,0.000000,0.000000,1
1770,76.007032,100.332709,0.705078,68.011622,-172.875890,1
1780,75.332167,100.248357,0.800781,68.011670,-172.875568,1
1790,75.332167,100.248357,0.800781,0.000000,0.000000,1
1800,75.500881,99.404872,0.838867,86.019284,-78.688928,1
1810,75.753957,98.139643,0.838867,129.029191,-78.688777,1
1820,76.091394,96.368321,0.840820,180.317587,-79.214388,1
1830,76.428822,94.090908,0.845703,230.227489,-81.572185,1
1840,76.934974,89.114337,0.872070,500.224439,-84.192599,1
1850,77.019335,86.415183,0.882813,270.047196,-88.209824,1
1860,77.019335,83.631678,0.900391,278.350515,-90.000000,1
1870,77.019335,80.848172,0.923828,278.350515,-90.000000,1
1880,76.513184,75.449857,0.950195,542.199228,-95.356446,1
1890,76.175747,73.003749,0.958984,246.927275,-97.854289,1
1900,75.838318,70.979381,0.961914,205.229667,-99.463269,1
1910,75.500881,68.280220,0.964844,272.017227,-97.125883,1
1920,75.416520,67.605433,0.962891,68.003948,-97.126085,1
1930,75.416520,67.352387,0.959961,25.304592,-90.000000,1
1940,75.416520,67.352387,0.959961,0.000000,0.000000,1
1950,75.669596,68.364571,0.858398,104.334226,75.962177,1
1960,76.175747,70.304591,0.806641,200.496052,75.377496,1
1970,76.934974,73.172444,0.765625,296.664848,75.171853,1
1980,79.550090,84.812556,0.016602,1193.025792,77.337929,1
1990,79.550090,84.812556,0.000000,0.000000,0.000000,0
2000,80.140603,87.764760,0.000000,301.068290,78.688733,0
2010,80.309317,90.548265,0.205078,278.861355,86.531418,1
2020,80.309317,90.548265,0.205078,0.000000,0.000000,1
2030,80.140603,91.897842,0.563477,136.008182,97.125742,1
2040,80.140603,92.150888,0.643555,25.304592,90.000000,1
2050,80.309317,92.572632,0.774414,45.423891,68.196638,1
2060,80.899829,92.910026,0.797852,68.010215,29.741788,1
2070,82.165207,93.331770,0.811523,133.381016,18.432988,1
2080,85.961341,94.343954,0.863281,392.875882,14.929746,1
2090,88.154660,94.681347,0.878906,221.911754,8.745131,1
2100,90.010550,94.934393,0.880859,187.306174,7.764257,1
2110,91.782079,95.187439,0.880859,178.951033,8.129163,1
2120,94.397188,95.271790,0.845703,261.646912,1.847454,1
2130,95.325137,95.271790,0.802734,92.794891,0.000000,1
2140,95.915641,95.187439,0.745117,59.649871,-8.129477,1
2150,96.253078,95.103091,0.670898,34.781889,-14.034356,1
2160,96.590515,94.934393,0.492188,37.725683,-26.562366,1
2170,96.506154,94.850046,0.395508,11.929489,-135.004668,1
2180,96.084364,94.850046,0.369141,42.179004,180.000000,1
2190,94.228474,94.765698,0.400391,185.780584,-177.397786,1
2200,93.131810,94.681347,0.458008,109.990259,-175.601685,1
2210,93.131810,94.681347,0.458008,0.000000,0.000000,1
2220,92.119508,94.512652,0.544922,102.626206,-170.538908,1
2230,90.685416,93.669163,0.693359,166.375914,-149.537267,1
2240,89.504399,91.560449,0.786133,241.691507,-119.251650,1
2250,88.998248,89.789127,0.813477,184.221842,-105.947169,1
2260,88.070299,85.149953,0.868164,473.107010,-101.311288,1
2270,87.732870,82.450795,0.899414,272.016748,-97.125732,1
2280,87.395433,79.751638,0.920898,272.016844,-97.125893,1
2290,87.057996,74.859418,0.946289,490.384329,-93.945678,1
2300,87.057996,72.835050,0.947266,202.436739,-90.000000,1
2310,87.057996,71.232427,0.947266,160.262289,-90.000000,1
2320,87.142358,69.967198,0.947266,126.803895,-86.185364,1
2330,87.395433,68.617617,0.920898,137.310439,-79.379149,1
2340,87.564148,68.364571,0.885742,30.413289,-56.307238,1
2350,87.648509,68.364571,0.839844,8.436110,0.000000,1
2360,87.985945,68.617617,0.727539,42.177689,36.866466,1
2370,89.588752,72.835050,0.297852,451.173288,69.191047,1
2380,90.938491,77.558575,0.000000,491.258439,74.052806,0
2390,91.950793,80.932520,0.000000,352.253551,73.298902,0
2400,91.950793,80.932520,0.000000,0.000000,0.000000,0
2410,94.312835,88.861291,0.000000,827.312806,73.410805,0
2420,96.927944,96.705714,0.000000,826.884378,71.563071,0
2430,98.193322,100.248357,0.000000,376.184795,70.344050,0
2440,100.892800,105.646673,0.000000,603.564349,63.432231,0
2450,102.073816,107.333645,0.000000,205.929010,55.004875,0
2460,102.073816,107.333645,0.000000,0.000000,0.000000,0
2470,103.507909,109.104967,0.000000,227.907888,51.005773,0
2480,103.507909,109.104967,0.680664,0.000000,0.000000,1
2490,103.507909,109.104967,0.680664,0.000000,0.000000,1
2500,102.917404,107.839737,0.855469,139.624552,-115.019274,1
2510,102.073816,105.815370,0.848633,219.310367,-112.622310,1
2520,100.808438,103.116214,0.848633,298.104403,-115.117420,1
2530,99.458699,100.164010,0.855469,324.612108,-114.569742,1
2540,97.181019,95.524836,0.846680,516.814879,-116.149503,1
2550,96.421793,94.006560,0.821289,169.752344,-116.567736,1
2560,95.831288,92.910026,0.775391,124.542538,-118.303293,1
2570,95.493851,92.150888,0.718750,83.075487,-113.965143,1
2580,95.156415,92.066540,0.228516,34.781889,-165.965644,1
2590,95.156415,92.066540,0.000000,0.000000,0.000000,0
2600,96.168717,95.609183,0.000000,368.443684,74.052831,0
2610,97.518456,99.320525,0.000000,394.915826,70.014709,0
2620,97.518456,99.320525,0.000000,0.000000,0.000000,0
2630,98.952548,102.441423,0.000000,343.462193,65.320620,0
2640,98.952548,102.441423,0.000000,0.000000,0.000000,0
2650,100.471002,104.212745,0.000000,233.308391,49.395388,0
2660,100.892800,104.381443,0.516602,45.428247,21.799004,1
2670,101.736380,104.550140,0.612305,86.028247,11.308667,1
2680,103.001757,104.803186,0.667969,129.043146,11.308642,1
2690,106.629177,105.393627,0.767578,367.515850,9.245052,1
2700,108.738142,105.731020,0.800781,213.578332,9.089185,1
2710,110.847100,106.068415,0.824219,213.577600,9.089269,1
2720,115.065032,106.827553,0.845703,428.570121,10.202791,1
2730,116.920914,107.080599,0.855469,187.305409,7.764289,1
2740,118.523728,107.164948,0.866211,160.503246,3.012453,1
2750,120.717047,107.080599,0.881836,219.494037,-2.202360,1
2760,121.307560,106.827553,0.883789,64.244606,-23.196070,1
2770,121.729350,106.574507,0.886719,49.187303,-30.960949,1
2780,121.982425,106.152765,0.889648,49.184757,-59.033243,1
2790,121.729350,104.128397,0.890625,204.012513,-97.125843,1
2800,121.138845,102.610122,0.889648,162.906605,-111.252604,1
2810,118.608090,98.983128,0.887695,442.264751,-124.905627,1
2820,115.233746,95.356137,0.888672,495.391287,-132.933349,1
2830,115.233746,95.356137,0.888672,0.000000,0.000000,1
2840,111.943764,92.403934,0.849609,442.034967,-138.097382,1
2850,111.943764,92.403934,0.849609,0.000000,0.000000,1
2860,109.244293,90.716963,0.712891,318.323859,-147.997648,1
2870,107.725840,90.463918,0.000000,153.939373,-170.538766,0
2880,106.629177,91.644796,0.000000,161.156581,132.882380,0
2890,105.616874,94.090908,0.000000,264.730414,112.481795,0
2900,105.616874,95.356137,0.000000,126.522962,90.000000,0
2910,105.532513,96.537020,0.000000,118.389176,94.086214,0
2920,105.616874,97.380505,0.000000,84.769331,84.288560,0
2930,105.954311,98.139643,0.000000,83.075487,66.034857,0
2940,106.123025,98.223990,0.000000,18.862410,26.562366,0
2950,106.291740,98.223990,0.724609,16.871447,0.000000,1
2960,106.291740,98.223990,0.724609,0.000000,0.000000,1
2970,106.291740,97.717898,0.872070,50.609185,-90.000000,1
2980,106.123025,96.537020,0.875000,119.286980,-98.130937,1
2990,105.701235,94.512652,0.878906,206.784191,-101.769559,1
3000,104.267135,88.861291,0.896484,583.048283,-104.238924,1
3010,103.170480,85.824740,0.898438,322.851298,-109.857273,1
3020,99.458699,77.980316,0.902344,867.826562,-115.322313,1
3030,99.458699,77.980316,0.902344,0.000000,0.000000,1
3040,98.277683,75.702903,0.899414,256.542627,-117.410268,1
3050,95.915641,71.738519,0.809570,461.471297,-120.787142,1
3060,95.915641,71.738519,0.809570,0.000000,0.000000,1
3070,95.409490,71.316775,0.000000,65.883032,-140.197644,0
3080,95.662566,72.582004,0.000000,129.029191,78.688777,0
3090,95.662566,72.582004,0.000000,0.000000,0.000000,0
3100,98.024607,77.642923,0.000000,558.499190,64.980510,0
3110,99.374346,79.076851,0.000000,196.924993,46.732326,0
3120,100.977153,80.089035,0.000000,189.565437,32.272697,0
3130,102.579967,80.595127,0.000000,168.081628,17.523614,0
3140,105.363799,80.679474,0.000000,278.510881,1.735475,0
3150,106.544815,80.173382,0.553711,128.488503,-23.196205,1
3160,109.497369,78.570759,0.694336,335.946010,-28.492763,1
3170,109.497369,78.570759,0.694336,0.000000,0.000000,1
3180,112.871705,76.040300,0.813477,421.774419,-36.866718,1
3190,114.643234,74.522024,0.849609,233.312572,-40.597978,1
3200,116.330409,72.919398,0.884766,232.700969,-43.527806,1
3210,119.282955,69.545449,0.941406,448.341979,-48.810795,1
3220,120.463972,67.858479,0.959961,205.928852,-55.004844,1
3230,121.476274,66.255852,0.972656,189.556546,-57.721367,1
3240,122.826013,63.472347,1.000000,309.349256,-64.130965,1
3250,123.332164,62.375820,1.000000,120.770892,-65.222203,1
3260,124.091391,60.941888,1.000000,162.252467,-62.100038,1
3270,124.091391,60.941888,1.000000,0.000000,0.000000,1
3280,124.428828,60.351453,1.000000,68.005691,-60.251823,1
3290,124.681903,60.267101,0.959961,26.676276,-18.433460,1
3300,124.934979,60.773193,0.911133,56.584115,63.432264,1
3310,126.453432,65.918463,0.381836,536.465291,73.557806,1
3320,126.453432,65.918463,0.000000,0.000000,0.000000,0
3330,127.043937,70.810683,0.000000,492.772879,83.117535,0
3340,127.297012,73.931581,0.000000,313.114265,85.363994,0
3350,128.056239,80.763821,0.000000,687.429470,83.659071,0
3360,128.562390,84.053418,0.000000,332.830849,81.252829,0
3370,129.152902,87.427366,0.000000,342.523448,80.072580,0
3380,129.827768,90.801311,0.000000,344.077667,78.688814,0
3390,131.177515,96.705714,0.000000,605.671510,77.123443,0
3400,131.936741,99.573571,0.000000,296.665221,75.171872,0
3410,132.695968,102.357076,0.000000,288.519083,74.743177,0
3420,134.298775,108.261480,0.000000,611.808560,74.812509,0
3430,134.973648,110.876288,0.000000,270.049581,75.527979,0
3440,136.745177,115.599811,0.000000,504.479801,69.441745,0
3450,136.745177,115.599811,0.000000,0.000000,0.000000,0
3460,138.769782,118.467666,0.000000,351.050036,54.779250,0
3470,139.697715,118.973758,0.000000,105.697184,28.607905,0
3480,141.469244,119.226803,0.000000,178.951033,8.129163,0
3490,141.469244,119.226803,0.000000,0.000000,0.000000,0
3500,141.553613,119.311153,0.856445,11.930172,44.993365,1
3510,141.553613,119.311153,0.856445,0.000000,0.000000,1
3520,141.553613,119.311153,0.856445,0.000000,0.000000,1
3530,141.216169,118.214620,0.896484,114.728082,-107.105098,1
3540,140.625664,116.358949,0.841797,194.735962,-107.651914,1
3550,139.529009,113.997188,0.825195,260.395220,-114.907242,1
3560,136.239026,108.851921,0.777344,610.718958,-122.595625,1
3570,134.551850,106.911903,0.745117,257.103711,-131.012507,1
3580,132.949044,105.224928,0.702148,232.698760,-133.534437,1
3590,130.249566,103.031864,0.668945,347.803260,-140.909488,1
3600,129.405978,102.525771,0.659180,98.375368,-149.039186,1
3610,128.984188,102.357076,0.637695,45.427387,-158.201086,1
3620,129.068541,103.453607,0.590820,109.977081,85.601044,1
3630,129.068541,103.453607,0.590820,0.000000,0.000000,1
3640,129.996490,104.634489,0.588867,150.185622,51.839388,1
3650,131.177515,105.984066,0.588867,179.337024,48.810597,1
3660,132.611599,107.249296,0.594727,191.243422,41.420540,1
3670,135.817228,109.020617,0.667969,366.246329,28.923545,1
3680,139.275933,110.032801,0.747070,360.376934,16.312020,1
3690,142.987698,110.538893,0.804688,374.610818,7.764289,1
3700,142.987698,110.538893,0.804688,0.000000,0.000000,1
3710,144.927949,110.538893,0.820313,194.025119,0.000000,1
3720,148.386654,110.454545,0.834961,345.973296,-1.396994,1
3730,150.833040,109.948454,0.834961,249.818690,-11.688085,1
3740,151.507914,109.358012,0.815430,89.670215,-41.182413,1
3750,151.676636,108.683224,0.752930,69.556213,-75.961753,1
3760,151.423560,107.586691,0.330078,112.535853,-102.996080,1
3770,149.314587,106.490158,0.000000,237.700512,-152.528417,0
3780,147.627427,105.815370,0.000000,181.709905,-158.200803,0
3790,145.602822,104.971882,0.000000,219.328386,-157.382503,0
3800,143.578218,104.128397,0.000000,219.328311,-157.382549,0
3810,139.529009,102.610122,0.000000,432.449480,-159.446162,0
3820,137.504404,101.850984,0.000000,216.224740,-159.446162,0
3830,135.564153,101.176194,0.000000,205.424361,-160.823088,0
3840,132.442893,99.573571,0.000000,350.865580,-152.821597,0
3850,131.430590,98.814433,0.000000,126.532449,-143.133324,0
3860,130.924439,98.223990,0.000000,77.769659,-130.604488,0
3870,130.755717,97.802249,0.000000,45.423820,-111.804448,0
3880,130.755717,97.717898,0.771484,8.435122,-90.000000,1
3890,131.852373,98.055295,0.921875,114.738418,17.101041,1
3900,131.852373,98.055295,0.921875,0.000000,0.000000,1
3910,133.708270,98.561387,0.922852,192.366465,15.253334,1
3920,141.637966,100.670102,0.923828,820.528840,14.891806,1
3930,143.915647,101.176194,0.923828,233.322862,12.527386,1
3940,147.205629,101.682285,0.861328,332.868042,8.745153,1
3950,148.133578,101.682285,0.788086,92.794891,0.000000,1
3960,148.555360,101.513587,0.431641,45.426813,-21.799728,1
3970,148.555360,101.513587,0.000000,0.000000,0.000000,0
3980,146.108973,99.910964,0.000000,292.458697,-146.771276,0
3990,144.421798,98.898780,0.000000,196.750538,-149.039282,0
4000,142.481547,97.886597,0.000000,218.839908,-152.450004,0
4010,138.179262,95.524836,0.000000,490.790863,-151.235196,0
4020,135.901582,94.090908,0.000000,269.146370,-147.807269,0
4030,131.768019,90.970009,0.000000,517.941561,-142.946677,0
4040,131.768019,90.970009,0.000000,0.000000,0.000000,0
4050,129.490339,88.270852,0.000000,353.175306,-130.159295,0
4060,128.984188,87.596061,0.000000,84.352302,-126.873067,0
4070,128.815466,87.258668,0.726563,37.722858,-116.568523,1
4080,128.815466,87.258668,0.726563,0.000000,0.000000,1
4090,129.996490,87.427366,0.846680,119.301217,8.129189,1
4100,131.768019,87.849107,0.852539,182.103821,13.390907,1
4110,134.045699,88.608245,0.856445,240.085755,18.432935,1
4120,141.553613,91.897842,0.852539,819.696392,23.660659,1
4130,144.337444,93.500469,0.581055,321.218448,29.928649,1
4140,144.337444,93.500469,0.000000,0.000000,0.000000,0
4150,144.337444,93.500469,0.000000,0.000000,0.000000,0
4160,146.277680,96.368321,0.000000,346.252693,55.919819,0
4170,146.446402,98.392688,0.000000,203.138635,85.235658,0
4180,146.108973,99.067479,0.000000,75.445371,116.567343,0
4190,144.590520,99.489220,0.000000,157.593336,164.477710,0
4200,143.578218,99.404872,0.000000,101.581021,-175.236986,0
4210,142.397193,98.814433,0.000000,132.039285,-153.437784,0
4220,140.288235,97.717898,0.000000,237.699230,-152.528204,0
4230,139.275933,96.874413,0.000000,131.765818,-140.197773,0
4240,138.347984,95.862229,0.667969,137.317333,-132.513949,1
4250,136.913884,92.319586,0.782227,382.190553,-112.038633,1
4260,136.576455,90.042173,0.793945,230.227489,-98.427815,1
4270,136.323379,87.511714,0.798828,254.308300,-95.711258,1
4280,136.154657,84.896907,0.805664,262.024439,-93.691931,1
4290,136.070304,82.113402,0.822266,278.478301,-91.735802,1
4300,135.817228,76.968132,0.845703,515.148981,-92.815885,1
4310,135.817228,74.775070,0.875977,219.306209,-90.000000,1
4320,135.985951,71.485473,0.929688,329.392101,-87.063894,1
4330,136.829531,69.545449,0.966797,211.549523,-66.499163,1
4340,137.335682,69.123709,0.969727,65.882785,-39.802098,1
4350,138.010555,68.955014,0.970703,69.563778,-14.034356,1
4360,138.010555,68.955014,0.970703,0.000000,0.000000,1
4370,140.794386,71.063729,0.958984,349.233367,37.143439,1
4380,141.891042,72.919398,0.936523,215.549539,59.417933,1
4390,143.156420,75.365509,0.891602,275.402332,62.647397,1
4400,146.277680,82.872540,0.311523,813.005350,67.423519,1
4410,146.277680,82.872540,0.000000,0.000000,0.000000,0
4420,148.049209,88.355199,0.000000,576.175891,72.093581,0
4430,150.664334,95.524836,0.000000,763.168212,69.960563,0
4440,151.845343,98.645734,0.000000,333.688318,69.272377,0
4450,152.942014,101.344892,0.000000,291.344132,67.888033,0
4460,154.038669,103.622306,0.000000,252.769955,64.287528,0
4470,156.231996,107.839737,0.000000,475.367332,62.522762,0
4480,156.231996,107.839737,0.000000,0.000000,0.000000,0
4490,156.485072,108.261480,0.000000,49.184757,59.033243,0
4500,156.569425,108.430178,0.000000,18.861256,63.433837,0
4510,156.569425,108.430178,0.653320,0.000000,0.000000,1
4520,155.810198,106.321461,0.814453,224.122984,-109.801010,1
4530,154.966618,103.453607,0.816406,298.935051,-106.391259,1
4540,154.966618,103.453607,0.816406,0.000000,0.000000,1
4550,152.942014,95.271790,0.833008,842.859130,-103.898744,1
4560,151.254838,87.089969,0.845703,835.396627,-101.651658,1
4570,150.579965,83.547326,0.855469,360.635175,-100.785612,1
4580,149.736385,77.642923,0.875977,596.436158,-98.130995,1
4590,149.483309,75.281162,0.879883,237.528118,-96.116218,1
4600,149.314587,73.425489,0.879883,186.332720,-95.195185,1
4610,149.145880,71.148076,0.873047,228.365351,-94.236632,1
4620,149.145880,70.641984,0.865234,50.609185,-90.000000,1
4630,149.145880,70.473290,0.853516,16.869471,-90.000000,1
4640,149.230234,70.473290,0.824219,8.435337,0.000000,1
4650,149.820738,71.654168,0.712891,132.029140,63.432414,1
4660,150.495611,73.594188,0.691406,205.405252,70.818785,1
4670,151.339192,76.377693,0.684570,290.852683,73.139835,1
4680,153.195089,83.631678,0.568359,748.763291,75.648982,1
4690,153.869947,87.427366,0.477539,385.521556,79.918396,1
4700,154.797896,92.910026,0.000000,556.063305,80.393635,0
4710,155.135325,98.308341,0.000000,540.885104,86.423304,0
4720,155.219694,101.429240,0.000000,312.203862,88.451471,0
4730,155.219694,104.465791,0.000000,303.655108,90.000000,0
4740,154.797896,107.671040,0.000000,323.288395,97.496813,0
4750,154.460467,108.851921,0.464844,122.814358,105.946946,1
4760,154.123023,109.779755,0.647461,98.729196,109.985837,1
4770,153.954316,110.791939,0.702148,102.614706,99.462844,1
4780,154.207392,112.310214,0.755859,153.922313,80.536589,1
4790,155.725845,113.912839,0.762695,220.773801,46.544818,1
4800,156.991223,114.671977,0.760742,147.562572,30.960795,1
4810,158.425308,115.431115,0.757813,162.261789,27.894665,1
4820,160.028130,116.105903,0.757813,173.907408,22.831102,1
4830,163.233743,117.286785,0.756836,341.620279,20.222762,1
4840,164.752197,117.708528,0.760742,157.593388,15.522357,1
4850,166.186297,118.045923,0.764648,147.325439,13.239002,1
4860,168.379624,118.214620,0.791992,219.980473,4.398165,1
4870,169.223204,118.130271,0.810547,84.778663,-5.710006,1
4880,171.247808,116.443298,0.847656,263.531759,-39.802259,1
4890,171.247808,116.443298,0.847656,0.000000,0.000000,1
4900,171.753959,115.178069,0.851563,136.271602,-68.196276,1
4910,172.091388,113.575444,0.852539,163.776208,-78.110170,1
4920,172.260111,109.189316,0.877930,438.937199,-87.797076,1
4930,172.091388,106.405811,0.904297,278.861402,-93.468740,1
4940,171.332162,99.995311,0.937500,645.530219,-96.754355,1
4950,171.332162,99.995311,0.937500,0.000000,0.000000,1
4960,170.826011,96.537020,0.962891,349.513527,-98.326618,1
4970,169.898077,89.114337,1.000000,748.046009,-97.125762,1
4980,169.138850,81.185566,1.000000,796.503825,-95.469733,1
4990,168.801406,77.221178,1.000000,397.872295,-94.865228,1
5000,168.379624,69.461106,1.000000,777.152649,-93.111130,1
5010,168.210901,65.918463,1.000000,354.665844,-92.726713,1
5020,168.042179,62.628866,1.000000,329.392101,-92.936106,1
5030,167.957826,59.761010,1.000000,286.909666,-91.684777,1
5040,167.704750,55.374878,1.000000,439.342695,-93.302250,1
5050,167.536028,53.940953,1.000000,144.381652,-96.710831,1
5060,167.451675,53.013121,1.000000,93.165906,-95.194733,1
5070,167.282953,52.338327,1.000000,69.556775,-104.038132,1
5080,167.198599,52.338327,1.000000,8.435337,180.000000,1
5090,167.114246,52.338327,1.000000,8.435337,180.000000,1
5100,166.101944,54.109648,0.999023,204.018030,119.747773,1
5110,165.005272,56.555764,0.961914,268.070321,114.148203,1
5120,163.824263,59.845361,0.903320,349.517249,109.748812,1
5130,160.956063,73.341142,0.395508,1379.719842,101.998307,1
5140,160.956063,73.341142,0.000000,0.000000,0.000000,0
5150,160.956063,73.341142,0.000000,0.000000,0.000000,0
5160,160.196837,79.329897,0.000000,603.668860,97.225152,0
5170,159.690685,83.294280,0.000000,399.656427,97.275853,0
5180,158.509676,90.970009,0.000000,776.605412,98.747093,0
5190,157.413005,96.368321,0.000000,550.858032,101.483409,0
5200,156.822501,98.392688,0.000000,210.873396,106.261875,0
5210,155.978921,100.923148,0.000000,266.736786,108.436858,0
5220,155.978921,100.923148,0.000000,0.000000,0.000000,0
5230,155.894552,101.597938,0.000000,68.004427,97.126690,0
5240,156.231996,101.597938,0.000000,33.744439,0.000000,0
5250,156.991223,101.260541,0.000000,83.082010,-23.960160,0
5260,157.328652,101.176194,0.799805,34.781140,-14.034664,1
5270,157.328652,101.176194,0.799805,0.000000,0.000000,1
5280,158.931459,101.176194,0.985352,160.280680,0.000000,1
5290,160.871710,101.176194,0.987305,194.025119,0.000000,1
5300,163.149390,101.176194,0.989258,227.768014,0.000000,1
5310,165.680146,101.007495,0.989258,253.637215,-3.813658,1
5320,169.560633,100.417056,0.957031,392.514934,-8.651536,1
5330,170.910379,100.079663,0.905273,139.127651,-14.034510,1
5340,172.175757,99.067479,0.000000,162.040024,-38.656534,0
5350,172.175757,99.067479,0.000000,0.000000,0.000000,0
5360,170.910379,98.308341,0.000000,147.562572,-149.039205,0
5370,169.645002,97.633551,0.000000,143.405831,-151.930255,0
5380,164.667843,94.597000,0.000000,583.032972,-148.612743,0
5390,164.667843,94.597000,0.000000,0.000000,0.000000,0
5400,160.787357,92.150888,0.000000,458.711698,-147.774223,0
5410,160.787357,92.150888,0.000000,0.000000,0.000000,0
5420,156.231996,89.198688,0.000000,542.833228,-147.053871,0
5430,155.557123,88.861291,0.000000,75.451365,-153.437634,0
5440,155.219694,88.861291,0.710938,33.742895,180.000000,1
5450,155.219694,88.861291,0.710938,0.000000,0.000000,1
5460,156.653779,89.029989,0.921875,144.397294,6.709156,1
5470,158.847105,89.536081,0.924805,225.095785,12.993117,1
5480,161.799659,90.210872,0.926758,302.868192,12.873546,1
5490,167.198599,91.729147,0.864258,560.836141,15.706903,1
